https://catchyagency.com/privacy/,https://catchy-next.vercel.app/privacy-policy
https://catchyagency.com/developer-marketing-guide/value-proposition/,https://catchy-next.vercel.app/developer-marketing-guide-value-proposition
https://catchyagency.com/developer-marketing-guide/marketing-engagement-programs/,https://catchy-next.vercel.app/developer-marketing-guide-marketing-programs
https://catchyagency.com/developer-marketing-guide/developer-content/,https://catchy-next.vercel.app/developer-marketing-guide-content
https://catchyagency.com/developer-marketing-guide/developer-community/,https://catchy-next.vercel.app/developer-marketing-guide-community
https://catchyagency.com/apimarketing/,https://catchy-next.vercel.app/apimarketing
https://catchyagency.com/what-we-do/,https://catchy-next.vercel.app/developer-marketing
https://catchyagency.com/what-does-community-mean-to-you/,https://catchy-next.vercel.app/blog/what-does-community-mean-to-you
catchyagency.com/the-role-of-developer-experience-testing-in-developer-marketing/,https://catchy-next.vercel.app/blog/the-role-of-developer-experience-testing-in-developer-marketing
catchyagency.com/open-innovation-the-role-of-developers-and-apis/,https://catchy-next.vercel.app/blog/open-innovation-the-role-of-developers-and-apis
catchyagency.com/network-effect-games/,https://catchy-next.vercel.app/blog/network-effect-games
catchyagency.com/internet-of-things-a-simple-approach-to-complex-technology/,https://catchy-next.vercel.app/blog/internet-of-things-a-simple-approach-to-complex-technology
catchyagency.com/why-true-globalisation-of-your-app-is-essential-in-todays-market-place/,https://catchy-next.vercel.app/blog/globalization-of-apps-in-todays-marketplace
catchyagency.com/utility-api-or-ecosystem-api-a-guest-post-from-eventbrite/,https://catchy-next.vercel.app/blog/eventbrite-discusses-utility-api-or-ecosystem-api
catchyagency.com/digital-events-in-2020/,https://catchy-next.vercel.app/blog/digital-events-in-2020
catchyagency.com/developer-marketing-your-strategy-needs-creativity/,https://catchy-next.vercel.app/blog/developer-marketing-your-strategy-needs-creativity
catchyagency.com/developer-community-engagement-students/,https://catchy-next.vercel.app/blog/developer-community-engagement-students
catchyagency.com/dev-marketing/,https://catchy-next.vercel.app/blog/dev-marketing
catchyagency.com/the-formula-for-winning-at-developer-marketing-data-creative/,https://catchy-next.vercel.app/blog/data-insight-creative-the-formula-for-winning-at-developer-marketing
catchyagency.com/conference-swag-great-expectations/,https://catchy-next.vercel.app/blog/conference-swag-great-expectations
catchyagency.com/catchy-developer-marketing-framework-value-proposition/,https://catchy-next.vercel.app/blog/catchy-developer-marketing-framework-value-proposition
https://catchyagency.com/building-a-gamification-model/,https://catchy-next.vercel.app/blog/building-a-gamification-model
catchyagency.com/building-a-developer-program-from-the-ground-up/,https://catchy-next.vercel.app/blog/building-a-developer-program-from-the-ground-up
catchyagency.com/api-marketing-customer-discovery/,https://catchy-next.vercel.app/blog/api-marketing-using-customer-discovery-to-launch-a-new-service
catchyagency.com/6-step-channel-audit/,https://catchy-next.vercel.app/blog/6-step-channel-audit
https://catchyagency.com/2021-esports-brand-report/,https://catchy-next.vercel.app/blog/2021-esports-brand-report
https://catchyagency.com/about-us/,https://catchy-next.vercel.app/about
https://catchyagency.com/developer-marketing-content/,https://catchy-next.vercel.app/7-steps-to-great-developer-marketing-content
catchyagency.com/the-business-of-apis-meetup/,https://catchy-next.vercel.app/blog/eventbrite-discusses-utility-api-or-ecosystem-api
catchyagency.com/google-play-teams-with-starbucks-to-offer-free-unlimited-music/,https://catchy-next.vercel.app/blog/digital-events-in-2020
catchyagency.com/can-amazon-redefine-the-free-app/,https://catchy-next.vercel.app/blog/building-a-developer-program-from-the-ground-up
catchyagency.com/developer-competitions-alexa-challenge/,https://catchy-next.vercel.app/blog/digital-events-in-2020
catchyagency.com/windows-phone-dev-camp-london/,https://catchy-next.vercel.app/blog/digital-events-in-2020
catchyagency.com/attdevsummit/,https://catchy-next.vercel.app/blog/digital-events-in-2020
catchyagency.com/1-7-billion-angry-birds-downloads-animated-cartoon-series/,https://catchy-next.vercel.app/blog/network-effect-games
catchyagency.com/hot-not-future-bots/,https://catchy-next.vercel.app/blog/internet-of-things-a-simple-approach-to-complex-technology
catchyagency.com/do-you-believe-in-magic-you-should/,https://catchy-next.vercel.app/blog/developer-marketing-your-strategy-needs-creativity
catchyagency.com/highlights-from-api-world-2019/,https://catchy-next.vercel.app/blog/digital-events-in-2020
catchyagency.com/gdc-2015-our-highlights/,https://catchy-next.vercel.app/blog/conference-swag-great-expectations
catchyagency.com/samsung-plans-to-heat-up-the-internet-of-things-with-new-artik-chips/,https://catchy-next.vercel.app/blog/internet-of-things-a-simple-approach-to-complex-technology
catchyagency.com/gdc-2019/,https://catchy-next.vercel.app/blog/conference-swag-great-expectations
catchyagency.com/win-45000-in-chupamobiles-app-developer-competition/,https://catchy-next.vercel.app/blog/digital-events-in-2020